,precision,recall,f1-score,support
0,0.5787407882089074,0.7185479860765788,0.6411109632193087,10055.0
1,0.5649500384319754,0.41134989926124915,0.47606710279163156,8934.0
accuracy,0.574016535889199,0.574016535889199,0.574016535889199,0.574016535889199
macro avg,0.5718454133204414,0.5649489426689139,0.5585890330054701,18989.0
weighted avg,0.5722524761067899,0.574016535889199,0.5634606472963603,18989.0
