,precision,recall,f1-score,support
0,0.5720617453767385,0.7540290088638195,0.6505605283740332,4964.0
1,0.5851172273190621,0.38080495356037153,0.4613529805760214,4522.0
accuracy,0.576112165296226,0.576112165296226,0.576112165296226,0.576112165296226
macro avg,0.5785894863479003,0.5674169812120955,0.5559567544750273,9486.0
weighted avg,0.5782853263743336,0.576112165296226,0.5603648156244433,9486.0
