,precision,recall,f1-score,support
0,0.5783800919321604,0.7350926672038679,0.6473875632041161,4964.0
1,0.5860875039345295,0.4117647058823529,0.4836991817119106,4522.0
accuracy,0.5809614168247944,0.5809614168247944,0.5809614168247944,0.5809614168247944
macro avg,0.582233797933345,0.5734286865431104,0.5655433724580133,9486.0
weighted avg,0.5820542345712826,0.5809614168247944,0.5693569010590862,9486.0
