,precision,recall,f1-score,support
0,0.5803355501813785,0.7636996519144704,0.6595095976295787,10055.0
1,0.587285044293903,0.3784419073203492,0.4602818051868491,8934.0
accuracy,0.5824424666912423,0.5824424666912423,0.5824424666912423,0.5824424666912423
macro avg,0.5838102972376408,0.5710707796174098,0.5598957014082139,18989.0
weighted avg,0.583605168402522,0.5824424666912423,0.565776325857324,18989.0
