,precision,recall,f1-score,support
0,0.5749534450651769,0.7387836490528414,0.6466532856270181,5015.0
1,0.570632579482137,0.3886160714285714,0.462355596866286,4480.0
accuracy,0.5735650342285413,0.5735650342285413,0.5735650342285413,0.5735650342285413
macro avg,0.5727930122736569,0.5636998602407064,0.554504441246652,9495.0
weighted avg,0.572914742820625,0.5735650342285413,0.5596966088868307,9495.0
