,precision,recall,f1-score,support
0,0.5756988204879625,0.710468594217348,0.6360228489825063,5015.0
1,0.5607985480943739,0.4138392857142857,0.4762394040585667,4480.0
accuracy,0.5705107951553449,0.5705107951553449,0.5705107951553449,0.5705107951553449
macro avg,0.5682486842911683,0.5621539399658169,0.5561311265205364,9495.0
weighted avg,0.5686684655302714,0.5705107951553449,0.5606326611721588,9495.0
