Model,F1-Macro,Status,Unnamed: 0,precision,recall,support
LightGBM,0.644975404075896,Good,0,0.6142417347075358,0.6789465897322089,6759.0
LightGBM,0.5444544634806132,Good,1,0.5818076700713046,0.5116082019996611,5901.0
LightGBM,0.6009478672985782,Good,accuracy,0.6009478672985782,0.6009478672985782,0.6009478672985782
LightGBM,0.5947149337782547,Good,macro avg,0.5980247023894203,0.595277395865935,12660.0
LightGBM,0.5981212120970046,Good,weighted avg,0.5991237714043447,0.6009478672985782,12660.0
