Model,F1-Macro,Status,Unnamed: 0,precision,recall,support
XGBoost,0.6322360953461975,Good,0,0.6073326972877198,0.6592691226512798,6759.0
XGBoost,0.5381325730577334,Good,1,0.5673492391508548,0.5117776648025758,5901.0
XGBoost,0.590521327014218,Good,accuracy,0.590521327014218,0.590521327014218,0.590521327014218
XGBoost,0.5851843342019655,Good,macro avg,0.5873409682192873,0.5855233937269277,12660.0
XGBoost,0.5883731502415982,Good,weighted avg,0.5886958579144465,0.590521327014218,12660.0
