Model,F1-Macro,Status,Unnamed: 0,precision,recall,support
LightGBM,0.8116660656328886,Good,0,0.8244757165969657,0.7992483650460155,33793.0
LightGBM,0.5829229335817916,Good,1,0.5635334234060349,0.603694258735957,14509.0
LightGBM,0.74050763943522,Good,accuracy,0.74050763943522,0.74050763943522,0.74050763943522
LightGBM,0.69729449960734,Good,macro avg,0.6940045700015003,0.7014713118909862,48302.0
LightGBM,0.7429559893849201,Good,weighted avg,0.7460936261678487,0.74050763943522,48302.0
