,precision,recall,f1-score,support
0,0.8244757165969657,0.7992483650460155,0.8116660656328886,33793.0
1,0.5635334234060349,0.603694258735957,0.5829229335817916,14509.0
accuracy,0.74050763943522,0.74050763943522,0.74050763943522,0.74050763943522
macro avg,0.6940045700015003,0.7014713118909862,0.69729449960734,48302.0
weighted avg,0.7460936261678487,0.74050763943522,0.7429559893849201,48302.0
