,precision,recall,f1-score,support
0,0.8738181496863127,0.8779037078684935,0.8758561643835616,33793.0
1,0.7124939028639119,0.7047349920738851,0.7085932085932086,14509.0
accuracy,0.8258871268270465,0.8258871268270465,0.8258871268270465,0.8258871268270465
macro avg,0.7931560262751123,0.7913193499711892,0.7922246864883851,48302.0
weighted avg,0.825359421328352,0.8258871268270465,0.8256135610635701,48302.0
