Model,F1-Macro,Status,Unnamed: 0,precision,recall,support
XGBoost,0.8758561643835616,Good,0,0.8738181496863127,0.8779037078684935,33793.0
XGBoost,0.7085932085932086,Good,1,0.7124939028639119,0.7047349920738851,14509.0
XGBoost,0.8258871268270465,Good,accuracy,0.8258871268270465,0.8258871268270465,0.8258871268270465
XGBoost,0.7922246864883851,Good,macro avg,0.7931560262751123,0.7913193499711892,48302.0
XGBoost,0.8256135610635701,Good,weighted avg,0.825359421328352,0.8258871268270465,48302.0
